Lover (Remix) [feat. Shawn Mendes],Taylor Swift,pop,2019,205,60,45,-7,9,42,221,14,34,86
Ma vie,Dadju,francoton,2019,201,50,51,-8,16,32,209,26,5,87
Oui ou non,Angèle,belgian pop,2019,200,57,65,-8,16,36,197,17,9,78
Bebi Minha Bicicleta (Coração Falido) - Ao Vivo,Zé Neto & Cristiano,sertanejo universitario,2019,196,90,39,-4,91,47,182,45,4,82
Mit Dir,Loredana,kosovan pop,2019,196,53,75,-6,6,64,158,17,9,76
Ela Vem,MC G15,brega funk,2019,185,63,62,-7,7,59,197,18,8,93
Atrévete,Nicky Jam,latin,2019,184,68,55,-4,12,59,198,17,10,73
Si Supieras,Daddy Yankee,latin,2019,184,89,69,-2,10,62,242,58,3,64
Hola - Remix,Dalex,latin,2019,182,67,65,-6,8,34,250,32,4,71
Una Vida Para Recordar,Piso 21,colombian pop,2019,182,78,70,-3,12,48,215,77,6,80
Bandit (with YoungBoy Never Broke Again),Juice WRLD,chicago rap,2019,180,63,47,-6,13,43,189,46,8,92
fuck 3x,tha Supreme,trap italiana,2019,180,81,66,-5,11,69,161,11,3,83
Some que ele vem atrás,Anitta,baile pop,2019,180,80,65,-6,38,60,195,82,2,59
Hanya Rindu,Andmesh,indonesian pop,2019,179,16,28,-12,11,20,252,76,6,76
Alocao (With Bad Gyal),Omar Montes,trap espanol,2019,178,75,67,-5,11,70,209,29,10,77
Callaita,Bad Bunny,latin,2019,176,62,61,-5,24,24,251,47,31,89
Dulce Pecado,Jessi Uribe,colombian pop,2019,176,51,64,-4,13,77,175,67,11,71
Infeliz,Arcangel,latin,2019,176,80,71,-3,25,72,221,80,4,81
LA CANCIÓN,J Balvin,latin,2019,176,65,75,-6,11,43,243,8,5,68
Otro Trago,Sech,panamanian pop,2019,176,70,75,-5,11,62,226,5,15,99
Otro Trago - Remix,Sech,panamanian pop,2019,176,79,73,-2,6,76,288,92,3,84
Quizas,Rich Music LTD,reggaeton,2019,176,82,73,-2,23,68,216,9,13,90
Te Quemaste,Manuel Turizo,colombian pop,2019,176,77,73,-2,29,72,199,63,2,74
Zorra,Bad Gyal,rap catalan,2019,176,65,64,-7,8,74,186,68,19,76
8 Parche,Baani Sandhu,punjabi pop,2019,174,86,65,-2,20,73,210,7,6,49
Desconocidos,Mau y Ricky,latin,2019,174,75,72,-5,21,68,205,31,3,71
KEIN SCHLAF,Nimo,german hip hop,2019,174,70,61,-6,12,43,200,21,6,78
La Cama,Lunay,latin,2019,174,90,70,-3,18,82,189,16,20,81
Perreo en La Luna,Rich Music LTD,reggaeton,2019,174,76,71,-4,37,72,219,38,19,70
Quem Traiu Levou - Ao Vivo,Gusttavo Lima,sertanejo universitario,2019,174,96,59,-2,32,83,154,29,12,82
SENTADÃO,Pedro Sampaio,baile pop,2019,174,87,68,-2,22,92,143,5,5,50
Si Te Vas,Sech,panamanian pop,2019,174,64,73,-4,14,55,205,13,3,83
Adan y Eva,Paulo Londra,argentine hip hop,2019,172,71,77,-4,7,72,257,90,10,98
"Bekhayali (From ""Kabir Singh"")",Sachet Tandon,desi pop,2019,172,59,31,-5,32,35,372,16,3,68
Detente,Mike Bahía,colombian pop,2019,172,59,74,-5,11,36,182,31,17,61
Piensan,Myke Towers,latin,2019,172,72,68,-4,11,79,173,5,12,95
Blinding Lights,The Weeknd,canadian contemporary r&b,2019,171,80,51,-4,9,35,202,2,8,56
Amor a Primera Vista,Los Angeles Azules,grupera,2019,170,76,66,-6,41,95,221,2,21,47
"DJ No Pare (feat. Zion, Dalex, Lenny Tavárez) - Remix",Justin Quiles,latin,2019,170,71,74,-4,8,83,259,16,3,73
Heartless,The Weeknd,canadian contemporary r&b,2019,170,75,53,-6,12,20,200,40,19,75
Hit Contagiante,Felipe Original,brega funk,2019,170,68,82,-7,9,96,137,28,4,75
On My Way,Alan Walker,electro house,2019,170,69,51,-5,30,30,194,2,5,85
Pa Mí - Remix,Dalex,latin,2019,170,62,69,-8,16,73,361,62,5,81
"Pachtaoge (From ""Jaani Ve"")",Arijit Singh,desi pop,2019,170,69,52,-4,12,48,227,15,15,45
sw1n6o - feat. Salmo,tha Supreme,trap italiana,2019,170,83,57,-6,79,79,184,53,4,55
Bâtiment,Niska,french hip hop,2019,168,70,66,-7,7,65,211,0,15,73
Bellaquita,Dalex,latin,2019,166,70,58,-4,17,77,205,89,3,65
Bellaquita - Remix,Dalex,latin,2019,166,72,80,-4,18,76,305,45,3,82
Fingindo Maturidade - Ao Vivo,Mano Walter,forro,2019,166,92,58,-3,94,74,189,90,6,91
m8nstar,tha Supreme,trap italiana,2019,165,76,58,-6,11,44,165,45,6,83
CANGURO,WOS,argentine indie,2019,164,75,60,-4,67,93,197,1,27,74
Shukumei,Official HIGE DANdism,anime rock,2019,164,58,55,-6,11,49,281,25,6,86
Tal Vez,Paulo Londra,argentine hip hop,2019,162,65,86,-2,8,74,264,74,4,69
Tutto Questo Sei Tu,Ultimo,italian pop,2019,162,51,45,-6,11,42,245,50,3,43
ANSIA NO,FSK SATELLITE,italian hip hop,2019,160,68,82,-7,22,71,149,22,9,83
Dois Lados,Wesley Safadão,forro,2019,160,85,66,-4,10,93,147,20,6,74
KARMA,Nimo,german hip hop,2019,160,64,69,-6,33,53,255,0,5,52
Kumau Dia,Andmesh,indonesian pop,2019,158,51,47,-9,32,60,256,43,4,81
Soldi in Nero - feat. Sfera Ebbasta,Shiva,italian hip hop,2019,158,66,75,-5,17,35,184,7,11,39
Machigaisagashi,Masaki Suda,anime rock,2019,156,64,53,-6,39,44,224,62,3,71
Bebi Liguei - Ao Vivo,Marília Mendonça,sertanejo,2019,154,80,60,-4,74,68,160,67,11,56
Mortel,Koba LaD,french hip hop,2019,154,69,58,-6,10,66,204,19,6,61
Stand By You,Official HIGE DANdism,anime rock,2019,154,87,61,-5,28,63,256,92,3,89
Surtada - Remix Brega Funk,Dadá Boladão,brega funk,2019,154,55,83,-7,18,88,153,89,4,78
Cheirosa - Ao Vivo,Jorge & Mateus,sertanejo,2019,152,87,53,-3,33,71,182,97,3,71
Contatinho - Ao Vivo Em São Paulo / 2019,Leo Santana,axe,2019,152,93,79,-5,95,81,173,43,9,75
Côte Ouest,47ter,french hip hop,2019,152,59,77,-8,18,58,233,64,4,92
Mayday (feat. Ninho),SCH,french hip hop,2019,152,60,61,-8,9,25,210,74,3,71
Chama Ela (feat. Pedro Sampaio),Lexa,baile pop,2019,150,84,89,-2,6,96,120,6,4,45
Combatchy (feat. MC Rebecca),Anitta,baile pop,2019,150,73,83,-3,2,61,158,48,5,82
Gaiola É o Troco,MC Du Black,funk carioca,2019,150,84,72,-3,11,85,187,16,17,82
Goodbyes (feat. Young Thug),Post Malone,dfw rap,2019,150,65,55,-4,10,16,175,5,5,37
Jamais,Mister V,french hip hop,2019,150,67,64,-7,11,79,192,2,9,61
Mimpi (feat. Alif),K-Clique,malaysian indie,2019,150,73,83,-7,10,87,253,5,31,82
Quando a vontade bater (Participação especial de PK Delas),Pk,brazilian edm,2019,150,70,62,-6,15,70,166,26,40,82
Si por mi fuera,Beret,spanish hip hop,2019,150,75,70,-6,10,88,209,12,9,78
A Dónde Vamos,Morat,colombian pop,2019,149,61,63,-13,23,96,203,18,5,63
200 km/h,Apache 207,german hip hop,2019,148,67,90,-6,11,41,163,20,6,63
Street,Maes,french hip hop,2019,148,30,66,-20,21,49,185,1,7,80
My Only Wish (This Year),Britney Spears,dance pop,2019,147,73,67,-7,20,68,255,54,25,82
Ferida Curada,Zé Neto & Cristiano,sertanejo universitario,2019,146,85,49,-3,21,55,159,36,4,81
Like It's Christmas,Jonas Brothers,boy band,2019,146,57,73,-6,5,61,201,16,7,60
Tutu,Camilo,colombian pop,2019,146,83,73,-3,7,94,179,35,12,81
Bossoli,Shiva,italian hip hop,2019,145,66,83,-8,14,80,179,5,3,96
Into the Unknown,Idina Menzel,hollywood,2019,145,41,32,-9,14,27,195,16,34,75
Maman ne le sait pas (feat. Niska),Ninho,french hip hop,2019,145,88,76,-6,12,39,203,14,4,46
Sauda Khara Khara,Diljit Dosanjh,desi pop,2019,145,92,69,-3,11,88,211,8,6,68
To Voando Alto,Mc Poze do Rodo,funk carioca,2019,145,68,89,-3,8,80,137,44,6,76
Avant toi,Vitaa,francoton,2019,142,40,63,-9,10,25,224,42,8,84
Com ou Sem Mim (Ao Vivo em Fortaleza),Gustavo Mioto,sertanejo,2019,142,72,61,-4,96,30,202,85,4,88
SUPREME - L'ego (feat. tha Supreme & Sfera Ebbasta),Marracash,italian hip hop,2019,141,66,66,-6,13,51,223,28,7,81
7 rings,Ariana Grande,dance pop,2019,140,32,78,-11,9,33,179,63,6,54
Algo Mais (Amante) - Ao Vivo,Xand Avião,funk carioca,2019,140,84,70,-3,75,67,232,53,4,85
Percaya Aku,Chintya Gabriella,NA,2019,140,49,54,-8,20,30,232,42,3,85
Psycho,Red Velvet,k-pop,2019,140,67,66,-2,9,41,211,4,3,89
Alien,RIN,german cloud rap,2019,138,60,84,-6,11,85,209,61,6,74
"Kaise Hua (From ""Kabir Singh"")",Vishal Mishra,desi pop,2019,138,46,39,-7,11,15,235,23,3,84
Verdinha,Ludmilla,baile pop,2019,138,95,85,-4,12,63,160,24,4,80
Futsal Shuffle 2020,Lil Uzi Vert,melodic rap,2019,137,46,88,-8,23,30,199,16,17,82
93% [Tijuana],GLK,francoton,2019,136,69,80,-5,18,80,223,62,55,81
Aí Eu Bebo - Ao Vivo,Maiara & Maraisa,sertanejo universitario,2019,136,68,83,-5,41,85,174,14,7,93
Cinta Luar Biasa,Andmesh,indonesian pop,2019,136,23,58,-12,10,32,256,49,4,72
"Mere Sohneya (From ""Kabir Singh"")",Sachet Tandon,desi pop,2019,136,64,38,-6,22,65,193,12,7,78
bad guy,Billie Eilish,electropop,2019,135,43,70,-11,10,56,194,1,12,57
Cómo estás,Ke Personajes,cumbia pop,2019,135,86,59,-2,4,98,227,88,3,84
Gurenge,LiSA,anime rock,2019,135,98,55,-3,8,31,239,43,6,78
Invocada (Participação especial de Léo Santana) - Ao vivo,Ludmilla,baile pop,2019,135,86,78,-4,93,70,157,15,46,67
"Mil Anos - Recorded At Mosh Studios, São Paulo",Jorge & Mateus,sertanejo,2019,135,70,62,-8,8,45,189,6,13,78
Un million par mois,Djadja & Dinaz,french hip hop,2019,135,54,76,-6,13,72,189,85,13,49
A Gente Fez Amor - Ao Vivo,Gusttavo Lima,sertanejo universitario,2019,134,94,79,-2,96,83,238,38,8,80
occh1 purpl3 - feat. Marracash,tha Supreme,trap italiana,2019,134,81,66,-5,16,55,188,3,17,82
Skifahren,The Cratez,german hip hop,2019,134,71,72,-7,15,44,163,31,3,76
Un peu de haine,PLK,french hip hop,2019,134,66,77,-7,22,42,168,2,19,63
Wieso tust Du dir das an?,Apache 207,german hip hop,2019,134,48,86,-7,12,46,176,11,3,79
Dans l'univers,Nekfeu,french hip hop,2019,132,42,64,-10,14,20,244,52,4,68
Marie,Koba LaD,french hip hop,2019,132,75,78,-6,12,68,195,13,4,72
Serenata - Ao Vivo,Marília Mendonça,sertanejo,2019,132,71,71,-6,97,74,156,6,6,85
Soy Sabalero,Los Palmeras,argentine rock,2019,132,85,78,-5,8,85,180,56,3,72
Supera - Ao Vivo,Marília Mendonça,sertanejo,2019,132,74,67,-4,96,66,148,31,17,80
Doch in der Nacht,Apache 207,german hip hop,2019,131,83,90,-7,21,71,192,46,10,51
Sentou e Gostou,MC JottaPê,funk carioca,2019,131,67,70,-3,9,72,163,53,6,88
blun7 a swishland,tha Supreme,trap italiana,2019,130,79,69,-6,26,57,168,7,15,79
Gasolina (feat. Gambi),Hamza,belgian hip hop,2019,130,61,95,-8,12,72,179,41,12,54
Hoe Het Danst,Marco Borsato,dutch cabaret,2019,130,86,69,-3,19,42,253,61,36,77
hot girl bummer,blackbear,pop,2019,130,56,78,-7,40,68,185,33,34,74
Kartonyono Medot Janji,Denny Caknan,NA,2019,130,78,73,-6,21,75,262,36,15,69
Lalala,Y2K,pop rap,2019,130,39,84,-8,14,50,161,43,4,77
Popopop,Gambi,pop urbaine,2019,130,65,83,-6,14,41,156,8,6,74
Rueda,Chimbala,dembow,2019,130,92,89,-2,5,96,211,7,17,84
Se Prepara 2,Mc Livinho,funk carioca,2019,130,45,65,-9,11,36,147,1,4,49
So Am I,Ava Max,dance pop,2019,130,66,68,-5,35,61,183,4,12,85
Tiro Certo - Ao Vivo,Zé Felipe,funk carioca,2019,130,91,71,-5,71,69,179,66,5,67
Woin Woin feat. RK,Larry,french hip hop,2019,130,64,90,-7,8,70,173,14,6,75
Yesterday,Official HIGE DANdism,anime rock,2019,130,80,54,-4,40,56,299,46,23,90
"Jai Jai Shivshankar (From ""War"")",Vishal Dadlani,desi pop,2019,129,90,83,-5,7,53,231,1,11,57
"Ek Toh Kum Zindagani (From ""Marjaavaan"")",Neha Kakkar,desi pop,2019,128,97,67,-2,6,72,190,69,4,76
No Idea,Don Toliver,rap,2019,128,61,66,-5,22,35,154,32,8,66
quando a bad bater - ao vivo,Luan Santana,funk carioca,2019,128,79,65,-5,53,53,180,18,6,83
Roller,Apache 207,german hip hop,2019,128,76,94,-6,19,68,157,15,28,79
BOP,DaBaby,nc hip hop,2019,127,79,77,-4,13,84,160,1,11,94
Carreira Solo - Ao Vivo,Gusttavo Lima,sertanejo universitario,2019,127,93,81,-1,87,92,216,86,4,82
choque térmico - ao vivo,Luan Santana,funk carioca,2019,127,76,74,-6,83,73,180,10,7,68
Trampoline (with ZAYN),SHAED,electropop,2019,127,46,62,-6,14,50,184,7,20,81
Que Calor (feat. J Balvin & El Alfa),Major Lazer,dance pop,2019,126,89,80,-4,29,46,170,28,19,67
Qué Pena,Maluma,latin,2019,126,66,64,-6,34,86,213,2,3,53
Makhna,Tanishk Bagchi,desi pop,2019,125,70,70,-8,16,43,183,59,3,69
Moulaga,Heuss L'enfoiré,french hip hop,2019,125,70,71,-5,10,48,180,5,3,56
Ne reviens pas,Gradur,french hip hop,2019,125,78,93,-3,17,93,189,12,20,85
"Pelukku Untuk Pelikmu - OST Imperfect: Karier, Cinta, & Timbangan",Fiersa Besari,indonesian indie,2019,125,83,53,-5,20,25,250,36,5,86
Prendío,Rvfv,trap espanol,2019,125,54,83,-10,13,90,190,11,52,79
Prendio - Remix,Rvfv,trap espanol,2019,125,76,75,-6,8,75,191,19,3,65
Relógio Parado (Ao Vivo),Diego & Arnaldo,sertanejo,2019,125,94,74,-1,97,73,181,11,11,83
Speechless (Full),Naomi Scott,hollywood,2019,125,49,47,-8,12,23,209,10,6,89
Umlilo,DJ Zinhle,kwaito,2019,125,70,70,-5,8,62,237,4,19,94
Don't Start Now,Dua Lipa,dance pop,2019,124,79,79,-5,10,68,183,36,6,63
Jerusalem,Master KG,kwaito house,2019,124,47,88,-7,6,84,343,2,3,91
Pal Pal Dil Ke Paas- Title Track,Arijit Singh,desi pop,2019,124,51,56,-7,6,39,255,5,14,87
S de Saudade,Luíza & Maurílio,sertanejo pop,2019,124,71,71,-4,13,79,175,75,3,96
Se iluminaba,Fred De Palma,italian arena pop,2019,124,69,79,-5,7,62,174,47,3,65
Una volta ancora (feat. Ana Mena),Fred De Palma,italian arena pop,2019,124,64,77,-5,10,59,174,2,6,52
C90 - Remix,John C,argentine hip hop,2019,123,76,87,-5,7,61,316,6,5,75
Baianá,Bakermat,deep euro house,2019,122,76,50,-7,33,49,182,60,6,53
Barrio,Mahmood,italian arena pop,2019,122,70,80,-7,11,57,165,19,4,73
Roses - Imanbek Remix,SAINt JHN,melodic rap,2019,122,72,77,-5,35,90,177,48,20,78
Cin Cin,Alfa,italian arena pop,2019,121,63,70,-4,13,37,180,4,9,79
Boy With Luv (feat. Halsey),BTS,k-pop,2019,120,86,65,-5,19,80,230,4,5,50
"CHARLES MANSON (BUON NATALE2) (feat. Lazza) - feat. Dani Faiv, Nitro",Salmo,italian hip hop,2019,120,83,72,-5,44,48,258,91,4,79
Circles,Post Malone,dfw rap,2019,120,76,70,-3,9,55,215,18,5,90
everything i wanted,Billie Eilish,electropop,2019,120,23,70,-14,11,24,245,34,10,48
"Muqabla (From ""Street Dancer 3D"")",Yash Narvekar,desi pop,2019,120,91,80,-3,39,54,176,19,4,75
Ti volevo dedicare (feat. J-AX & Boomdabash),Rocco Hunt,italian hip hop,2019,120,73,75,-6,19,27,208,38,8,51
A Culpa é do Meu Grau (feat. Zé Neto & Cristiano) - Ao Vivo em Brasília,Diego & Victor Hugo,sertanejo pop,2019,119,88,54,-3,93,63,183,33,6,70
Tijolão - Ao Vivo,Jorge & Mateus,sertanejo,2019,119,88,64,-4,34,69,175,27,3,52
3 Batidas - Ao Vivo,Guilherme & Benuto,sertanejo pop,2019,118,71,55,-5,76,53,157,11,7,85
Coronao Now,El Alfa,dembow,2019,118,73,94,-8,18,72,218,2,5,51
"Ghungroo (From ""War"")",Arijit Singh,desi pop,2019,118,73,70,-6,53,86,303,17,6,50
Kalank (Title Track),Arijit Singh,desi pop,2019,118,55,57,-8,9,44,311,46,6,67
lowkey,NIKI,indie r&b,2019,118,49,75,-8,9,23,171,7,20,88
Ride It,Regard,pop edm,2019,118,75,88,-4,11,88,158,40,3,77
Turning Up,ARASHI,j-pop,2019,118,82,77,-5,24,90,183,45,4,68
Aristocrate,Heuss L'enfoiré,french hip hop,2019,117,61,94,-6,10,63,170,7,8,82
Roxanne,Arizona Zervas,pop rap,2019,117,60,62,-6,46,46,164,36,4,80
Señorita,Shawn Mendes,canadian pop,2019,117,55,76,-6,8,75,191,30,8,74
The Box,Roddy Ricch,melodic rap,2019,117,59,90,-7,79,64,197,27,5,90
Akulaleki,Samthing Soweto,afro house,2019,116,67,90,-9,6,34,382,9,4,73
Halu,Feby Putri,NA,2019,116,25,34,-15,11,10,266,5,4,73
"Love You Tonight (feat. DJ Maphorisa, Sha Sha & Kabza De Small)",Mfr Souls,afro house,2019,115,68,82,-8,6,68,353,22,3,74
No Dijeron Nada,Oscu,trap argentino,2019,115,71,70,-5,51,91,187,5,4,91
Teenager Forever,King Gnu,j-pop,2019,115,92,50,-4,34,70,189,2,10,68
Fake News - Ao Vivo,Gustavo Mioto,sertanejo,2019,114,64,80,-3,97,73,175,16,26,54
Fire,DJ Big Sky,NA,2019,114,56,65,-7,5,64,463,63,5,84
Nana Thula,Kabza De Small,afro house,2019,114,52,77,-14,4,59,439,4,7,85
La vie qu'on mène,Ninho,french hip hop,2019,113,76,80,-4,11,46,193,20,4,70
Lorch,Kabza De Small,afro house,2019,113,68,91,-10,7,41,375,31,5,65
Que Mas Pues - Remix,Sech,panamanian pop,2019,113,66,65,-5,12,81,306,58,8,87
Sandton,Kabza De Small,afro house,2019,113,63,88,-12,10,59,412,64,4,45
Tender Love (feat. DJ Maphorisa & Kabza De Small),Sha Sha,afro house,2019,113,39,85,-14,5,45,444,30,30,96
Vula Vala,DJ Maphorisa,afro house,2019,113,59,91,-11,8,14,374,83,4,85
Before You Go,Lewis Capaldi,pop,2019,112,57,46,-5,9,18,215,87,4,79
Labantwana Ama Uber,Semi Tee,amapiano,2019,112,62,87,-10,5,53,384,13,32,82
"Para, Pensa e Volta - Ao Vivo",Yasmin Santos,sertanejo pop,2019,112,79,61,-3,24,57,174,90,6,76
Sukendleleni,Jobe London,afro house,2019,112,72,88,-6,5,24,415,47,20,83
Ve'Eem Tavo'ee Elay (And If You Will Come To Me),Idan Raichel,classic israeli pop,2019,112,88,73,-5,10,23,213,27,3,79
How Do You Sleep?,Sam Smith,pop,2019,111,68,48,-5,8,35,202,65,9,82
Todo Mundo Vai Sofrer - Ao Vivo,Marília Mendonça,sertanejo,2019,111,74,62,-4,41,58,155,32,5,67
Áudio - Ao Vivo em Brasília,Diego & Victor Hugo,sertanejo pop,2019,110,81,61,-5,42,45,190,3,16,90
"Dheeme Dheeme (From ""Pati Patni Aur Woh"")",Tony Kakkar,desi pop,2019,110,97,80,-2,35,69,177,13,4,72
La Rubia - Remix 2,La Nueva Escuela,dembow,2019,110,72,76,-4,38,75,211,14,7,88
Someone You Loved,Lewis Capaldi,pop,2019,110,41,50,-6,11,45,182,21,3,80
Goteo,Duki,argentine hip hop,2019,108,78,47,-4,19,44,164,43,6,88
Liberdade Provisória,Henrique & Juliano,sertanejo universitario,2019,108,68,67,-6,92,70,188,82,3,65
"O Saki Saki (From ""Batla House"")",Neha Kakkar,desi pop,2019,108,96,74,0,36,57,191,61,5,93
STAR,Nimo,german hip hop,2019,108,82,81,-5,17,60,162,29,4,59
Yaad Piya Ki Aane Lagi,Neha Kakkar,desi pop,2019,108,83,86,-4,11,69,257,4,4,55
Contando Lunares (feat. Cruz Cafuné),Don Patricio,trap espanol,2019,106,52,86,-10,5,71,220,26,8,68
Vou Ter Que Superar - Ao Vivo,Matheus & Kauan,pop nacional,2019,106,72,51,-6,87,42,189,29,6,79
China,Anuel AA,latin,2019,105,81,79,-4,8,61,302,38,4,87
Distant,Maes,french hip hop,2019,105,73,75,-6,7,49,162,5,3,69
"Don't Be Shy Again (From ""Bala"")",Sachin-Jigar,desi pop,2019,105,91,80,-4,31,91,164,15,32,93
Elle est bonne sa mère,Vegedream,francoton,2019,105,74,79,-5,34,47,197,NA,NA,48
Hé oh,Gambi,pop urbaine,2019,105,59,83,-5,20,54,178,17,4,73
I.F.L.Y.,Bazzi,pop,2019,105,52,81,-5,13,55,166,16,3,69
Loco,Beéle,NA,2019,105,56,82,-6,5,77,204,9,16,77
Loco,Beéle,NA,2019,105,56,82,-6,5,77,204,8,3,64
My Oh My (feat. DaBaby),Camila Cabello,dance pop,2019,105,49,72,-6,9,38,171,30,4,71
Non Avere Paura,Tommaso Paradiso,italian arena pop,2019,105,68,57,-6,11,24,247,48,4,54
RITMO (Bad Boys For Life),The Black Eyed Peas,dance pop,2019,105,72,72,-7,24,67,222,7,4,84
Umbrella,King Gnu,j-pop,2019,105,90,65,-3,5,70,202,39,10,85
Whine Up,Nicky Jam,latin,2019,105,67,82,-6,10,66,215,32,3,91
Keine Liebe,RIN,german cloud rap,2019,104,80,80,-5,31,57,198,1,40,76
Feelings,Lauv,pop,2019,103,47,69,-7,10,25,190,74,3,77
Ve Maahi,Arijit Singh,desi pop,2019,103,55,65,-7,22,29,224,12,5,86
I Don't Care (with Justin Bieber),Ed Sheeran,pop,2019,102,68,80,-5,9,84,220,33,8,82
Lose You To Love Me,Selena Gomez,dance pop,2019,102,34,51,-9,21,9,206,2,10,84
Secukupnya,Hindia,indonesian indie,2019,102,80,73,-5,35,93,205,38,9,71
Tusa,KAROL G,latin,2019,101,72,80,-3,6,57,201,41,3,61
Vor der Tür,Gzuz,deep german hip hop,2019,101,73,86,-6,10,20,171,67,4,89
105 F Remix,KEVVO,perreo,2019,100,75,90,-7,29,74,464,6,9,67
Adu Rayu,Yovie Widianto,indonesian pop,2019,100,37,56,-12,11,22,208,12,4,97
B11 (feat. Myke Towers),Rvssian,latin,2019,100,72,76,-5,13,20,252,9,14,77
Blanco,J Balvin,latin,2019,100,71,87,-5,9,59,146,2,7,81
Chandigarh Mein,Badshah,desi hip hop,2019,100,87,81,-2,7,34,205,9,4,85
Dance Like,Harrdy Sandhu,desi pop,2019,100,82,86,-3,30,54,172,82,3,84
"Naah Goriye (From ""Bala"")",B Praak,desi pop,2019,100,77,82,-2,6,72,185,59,24,82
Reste,Maître Gims,french hip hop,2019,100,54,75,-7,10,69,232,22,25,51
"Shaitan Ka Saala (From ""Housefull 4"")",Sohail Sen,desi pop,2019,100,77,84,-5,37,34,147,7,6,81
Takeaway,The Chainsmokers,electropop,2019,100,51,53,-8,10,35,210,59,6,64
Ya No Mas,Fer Palacio,NA,2019,100,68,80,-6,7,88,158,38,5,72
Adore You,Harry Styles,dance pop,2019,99,77,68,-4,10,57,207,47,5,70
Con Altura,ROSALÍA,r&b en espanol,2019,98,69,88,-4,5,75,162,77,4,92
Dance Monkey,Tones and I,australian pop,2019,98,59,82,-6,15,51,209,45,4,62
Gigolò (feat. Sfera Ebbasta & Capo Plaza),Lazza,italian hip hop,2019,98,63,80,-9,9,39,164,10,4,58
Méchant,Niska,french hip hop,2019,98,80,53,-4,37,41,191,99,3,61
Pookie (feat. Capo Plaza) - Remix,Aya Nakamura,basshall,2019,98,62,84,-7,10,51,188,0,5,51
Loin de moi,Naza,francoton,2019,97,46,89,-8,6,50,144,11,4,52
Ayy Macarena,Tyga,pop rap,2019,96,63,82,-6,7,72,132,7,3,75
Der Bratan bleibt der gleiche,Capital Bra,german hip hop,2019,96,70,61,-4,57,67,192,14,8,59
Fresa,TINI,latin pop,2019,96,87,78,-3,10,86,166,2,10,87
Hasta Que Salga el Sol,Ozuna,latin,2019,96,82,83,-5,13,60,188,12,8,68
It's You,Ali Gatie,canadian hip hop,2019,96,46,73,-7,19,40,213,33,10,79
Mean It,Lauv,pop,2019,96,45,75,-9,17,34,233,27,29,83
Verte Ir,DJ Luian,latin,2019,96,65,86,-4,8,55,268,3,5,62
BRAVI A CADERE - I polmoni,Marracash,italian hip hop,2019,95,69,61,-6,10,28,200,13,12,84
Chal Bombay,DIVINE,desi hip hop,2019,95,62,86,-7,12,51,174,15,9,93
GANG (feat. Geolier),Samurai Jay,italian hip hop,2019,95,46,80,-11,21,58,162,64,24,77
"Hauli Hauli (From ""De De Pyaar De"")",Garry Sandhu,bhangra,2019,95,98,71,-3,34,57,209,52,4,53
How to Make Gravy,Paul Kelly,australian alternative rock,2019,95,72,40,-7,25,39,269,84,5,99
Indeciso,Reik,latin,2019,95,75,74,-5,11,90,217,50,5,92
Mami,Paloma Mami,latin pop,2019,95,72,80,-6,17,51,195,25,4,80
Oye,TINI,latin pop,2019,95,51,68,-8,18,26,173,81,9,87
Tak Ingin Pisah Lagi,Marion Jola,indonesian pop,2019,95,40,66,-6,14,34,266,56,3,92
Watermelon Sugar,Harry Styles,dance pop,2019,95,82,55,-4,34,56,174,17,29,77
Con Calma,Daddy Yankee,latin,2019,94,86,74,-3,6,66,193,37,3,90
Easy - Remix,Jhay Cortez,latin,2019,94,75,89,-4,15,44,220,32,13,77
Fantasias,Rauw Alejandro,latin,2019,94,70,88,-4,6,79,200,19,3,85
Fuera De Mi Mente,Lérica,spanish pop,2019,94,94,74,-2,5,70,181,94,4,80
"Mummy Nu Pasand (From ""Jai Mummy Di"")",Sunanda Sharma,desi pop,2019,94,97,78,0,35,80,185,49,9,69
Piropo,Noriel,latin,2019,94,75,87,-6,4,77,220,9,6,63
Que Tire Pa Lante,Daddy Yankee,latin,2019,94,90,66,-3,12,71,211,44,30,85
Si Se Da - Remix,Myke Towers,latin,2019,94,67,82,-6,13,77,332,18,4,54
"Tera Ban Jaunga (From ""Kabir Singh"")",Akhil Sachdeva,desi pop,2019,94,53,61,-6,13,40,236,44,3,76
Alguien Me Gusta,Andy Rivera,latin,2019,93,52,67,-4,37,81,169,49,10,83
Aventurero,Yeison Jimenez,colombian pop,2019,93,63,85,-4,13,90,190,28,19,52
Beautiful People (feat. Khalid),Ed Sheeran,pop,2019,93,65,64,-8,8,55,198,66,31,65
Hakujitsu,King Gnu,j-pop,2019,93,90,61,-3,29,75,275,4,4,78
Ik Tera,Maninder Buttar,desi pop,2019,93,71,83,-5,11,49,161,29,7,74
QUE PRETENDES,J Balvin,latin,2019,93,79,64,-4,36,94,222,3,3,73
Aventura,Lunay,latin,2019,92,73,73,-3,10,88,217,4,24,75
Chiasso,Random,italian hip hop,2019,92,45,72,-13,10,46,182,26,5,84
Cuerpo en Venta,Noriel,latin,2019,92,60,70,-6,10,41,254,70,6,75
Location Unknown <U+25D0> - Brooklyn Session,HONNE,uk pop,2019,92,29,51,-7,8,40,328,91,4,79
menina solta,Giulia Be,pop nacional,2019,92,56,63,-7,16,67,150,89,3,75
Never Seen The Rain,Tones and I,australian pop,2019,92,46,67,-6,28,27,201,3,25,88
No Me Conoce - Remix,Jhay Cortez,latin,2019,92,79,81,-4,9,58,309,3,15,90
Pretender,Official HIGE DANdism,anime rock,2019,92,87,54,-3,14,37,327,52,3,75
Sleigh Ride,The Ronettes,adult standards,2019,92,77,53,-7,32,85,181,61,13,85
Soltera - Remix,Lunay,latin,2019,92,78,80,-4,44,80,266,1,6,53
Vete,Bad Bunny,latin,2019,92,67,89,-4,10,53,192,5,8,91
"Yo x Ti, Tu x Mi",ROSALÍA,r&b en espanol,2019,92,76,78,-3,14,58,201,2,4,85
Memories,Maroon 5,pop,2019,91,32,76,-7,8,57,189,54,6,82
"10,000 Hours (with Justin Bieber)",Dan + Shay,contemporary country,2019,90,63,65,-5,11,43,168,70,4,71
COLT,Samra,german hip hop,2019,90,53,54,-6,10,18,180,37,22,74
I Love You 3000,Stephanie Poetri,indonesian pop,2019,90,38,65,-8,39,41,210,56,4,64
Imaginaste - Remix,Jhay Cortez,latin,2019,90,71,85,-5,34,60,247,53,29,66
Pa' Olvidarme De Ella,Piso 21,colombian pop,2019,90,54,73,-5,14,64,227,30,4,69
Sunflower - Spider-Man: Into the Spider-Verse,Post Malone,dfw rap,2019,90,52,76,-4,7,93,158,56,7,65
"Tum Hi Aana (From ""Marjaavaan"")",Payal Dev,modern bollywood,2019,90,40,47,-7,15,35,249,1,5,69
Vaaste,Dhvani Bhanushali,desi pop,2019,90,48,44,-6,10,32,196,1,6,67
Nur zur Info,Ufo361,german cloud rap,2019,89,37,73,-12,11,23,142,18,9,95
ch1 5ei te,tha Supreme,trap italiana,2019,88,78,49,-6,16,32,184,13,8,96
"El Favor (with Nicky Jam & Sech, feat. Farruko, Zion & Lunay)",Dimelo Flow,latin,2019,88,65,75,-3,11,48,233,4,8,52
Sigues Con El,Dimelo Flow,latin,2019,88,67,88,-3,7,68,227,25,15,80
Haa Tepok,MeerFly,malaysian hip hop,2019,87,50,85,-12,15,68,211,35,20,94
"Tu Hi Yaar Mera (From ""Pati Patni Aur Woh"")",Rochak,desi pop,2019,87,38,72,-8,13,48,201,8,6,76
God Bless (feat. Damso),Hamza,belgian hip hop,2019,83,57,86,-10,6,23,162,58,4,97
Nyaman,Andmesh,indonesian pop,2019,83,31,54,-11,15,46,227,3,7,97
CRUDELIA - I nervi,Marracash,italian hip hop,2019,82,55,55,-8,34,7,231,61,3,88
Ma belle,Moha La Squale,french hip hop,2019,82,66,74,-6,9,47,158,75,22,86
100 Degrees,Rich Brian,indonesian hip hop,2019,81,65,76,-5,52,66,166,19,9,81
Adicto (with Anuel AA & Ozuna),Tainy,pop reggaeton,2019,80,84,73,-5,18,62,271,50,3,86
Filhall,B Praak,desi pop,2019,80,66,53,-4,13,59,255,91,4,89
Hikoutei,King Gnu,j-pop,2019,80,85,47,-3,33,49,262,12,4,74
Lebih Dari Egoku,Mawar De Jongh,indonesian pop,2019,80,39,67,-8,10,33,249,17,44,75
Selamat (Selamat Tinggal),Virgoun,indonesian pop,2019,80,58,36,-9,12,37,314,10,4,87
Never Go Back,Dennis Lloyd,israeli pop,2019,79,65,42,-5,11,73,175,10,36,87
Holly & Benji (feat. Capo Plaza & Shiva),AVA,italian hip hop,2019,78,79,42,-6,11,50,220,4,9,89
Bicara (feat. Monita Tahalea),TheOvertunes,indonesian pop,2019,77,37,57,-9,8,37,236,32,3,92
Block,Larry,french hip hop,2019,77,74,72,-7,41,71,157,96,4,89
Christmas Time,Bryan Adams,album rock,2019,77,58,50,-4,10,32,243,94,3,78
"Duniyaa (From ""Luka Chuppi"")",Akhil,desi pop,2019,77,66,44,-6,13,52,223,25,4,55
HIGHEST IN THE ROOM,Travis Scott,rap,2019,76,43,60,-9,21,6,176,15,5,73
Quarta Cadeira - Ao Vivo,Matheus & Kauan,pop nacional,2019,76,82,56,-5,62,60,224,10,9,81
Unfaithful,Dennis Lloyd,israeli pop,2019,76,57,64,-5,25,42,141,79,3,76
Compliqué,Dadju,francoton,2019,75,74,70,-7,16,93,215,76,6,88
No Te Debí Besar,C. Tangana,trap espanol,2019,75,68,67,-6,18,62,183,5,5,78
"Tujhe Kitna Chahne Lage (From ""Kabir Singh"")",Arijit Singh,desi pop,2019,70,40,43,-8,11,31,285,0,5,88
La Difícil,Camilo,colombian pop,2019,65,36,68,-7,16,55,159,56,10,90
m12ano - feat. Mara Sattei,tha Supreme,trap italiana,2019,65,51,58,-6,8,48,188,64,14,79
No Te Creas Tan Importante - En Vivo,Damas Gratis,cumbia villera,2018,175,76,30,-5,88,67,240,13,37,83
Proper Patola,Badshah,desi hip hop,2018,172,82,77,-6,32,49,179,5,9,88
Espaçosa Demais - Ao Vivo,Felipe Araújo,funk carioca,2018,160,89,68,-4,23,71,179,15,10,80
Solteiro Não Trai - Ao Vivo,Gustavo Mioto,sertanejo,2018,158,83,49,-3,96,60,187,12,7,81
Sayonara Elegy,Masaki Suda,anime rock,2018,155,93,47,-3,28,62,257,81,3,84
One Only,Pamungkas,indonesian indie,2018,145,52,25,-6,9,11,255,27,35,77
Kenangan Manis,Pamungkas,indonesian indie,2018,140,68,60,-7,9,72,208,38,10,64
Tolong,Budi Doremi,indonesian pop,2018,136,20,44,-12,10,24,250,1,8,97
Calma - Remix,Pedro Capó,latin,2018,127,77,83,-4,14,76,238,22,8,82
Falling,Trevor Daniel,alternative r&b,2018,127,43,78,-9,9,24,159,16,30,85
Lençol Dobrado,João Gustavo e Murilo,funk carioca,2018,125,66,71,-5,33,67,179,69,9,100
Can We Kiss Forever?,Kina,pop,2018,110,13,52,-19,9,12,188,15,25,81
Way Back Home (feat. Conor Maynard) - Sam Feldt Edit,SHAUN,k-pop,2018,106,75,74,-5,22,45,192,61,5,63
Te Vi,Piso 21,colombian pop,2018,102,78,88,-4,9,71,232,10,6,65
Paprika,Foorin,kodomo no ongaku,2018,101,77,75,-5,77,73,208,15,4,68
Tanpa Tergesa,Juicy Luicy,indonesian pop,2018,96,29,70,-7,11,45,218,42,5,77
Algún Día Volveras,Santaferia,cumbia chilena,2018,94,71,65,-4,5,69,254,44,13,81
comethru,Jeremy Zucker,pop,2018,94,18,80,-12,62,61,182,50,9,59
Nunca Es Suficiente,Los Angeles Azules,grupera,2018,94,50,80,-6,9,80,266,12,18,79
Walking with you,Novelbright,j-pop,2018,93,97,42,-1,53,50,223,36,4,83
Me Vas a Extrañar - En Vivo,Damas Gratis,cumbia villera,2018,88,81,42,-5,70,64,239,33,17,75
Lucid Dreams,Juice WRLD,chicago rap,2018,84,57,51,-7,34,22,240,52,3,51
Sakhiyaan,Maninder Buttar,desi pop,2018,83,67,71,-6,20,36,179,16,4,87
Pilu Membiru,Kunto Aji,indonesian indie,2018,82,27,36,-11,12,5,252,56,19,72
I Love You but I'm Letting Go,Pamungkas,indonesian indie,2018,80,32,39,-9,11,13,220,16,3,72
Believer,Imagine Dragons,modern rock,2017,125,78,78,-4,8,67,204,61,6,86
Mary's Boy Child / Oh My Lord,Boney M.,disco,2017,113,72,78,-9,20,93,241,29,6,72
Nevermind,Dennis Lloyd,israeli pop,2017,100,69,60,-8,41,8,157,55,5,68
Shape of You,Ed Sheeran,pop,2017,96,65,83,-3,9,93,234,39,12,88
You Make It Feel Like Christmas (feat. Blake Shelton),Gwen Stefani,dance pop,2017,93,87,64,-4,12,91,157,11,6,88
El Bombón,Los Palmeras,argentine rock,2016,164,77,74,-5,8,87,204,19,4,99
Hallelujah,Pentatonix,a cappella,2016,119,38,32,-7,34,37,269,35,43,83
"Baby, It's Cold Outside",Brett Eldredge,contemporary country,2016,114,57,58,-5,27,68,174,81,3,66
Una Cerveza,Rafaga,cumbia chilena,2016,98,91,75,-2,9,76,241,38,8,86
La Cola,Los Palmeras,argentine rock,2016,93,79,78,-5,12,87,169,16,5,79
Santa Tell Me,Ariana Grande,dance pop,2014,192,62,53,-7,29,59,204,98,3,75
Waktu Yang Salah,Fiersa Besari,indonesian indie,2014,130,28,67,-11,10,30,326,26,3,65
Adonay,Rodolfo Aicardi,classic colombian pop,2014,118,66,76,-6,6,97,187,8,9,94
Celengan Rindu,Fiersa Besari,indonesian indie,2014,117,54,64,-8,14,66,224,13,3,87
Baby It's Cold Outside (duet with Michael Bublé),Idina Menzel,hollywood,2014,113,48,55,-9,28,56,166,2,3,88
April,Fiersa Besari,indonesian indie,2014,80,47,36,-8,19,57,264,34,4,81
Have Yourself A Merry Little Christmas,Sam Smith,pop,2014,75,18,44,-9,32,34,171,47,3,72
Underneath the Tree,Kelly Clarkson,dance pop,2013,160,81,51,-5,21,69,230,25,19,78
Santa Baby,Ariana Grande,dance pop,2013,96,78,75,-6,28,77,171,24,9,85
Daniela,Rodolfo Aicardi,classic colombian pop,2012,142,56,62,-7,18,93,198,82,3,53
Traicionera,Pastor Lopez,cumbia,2012,130,59,78,-5,19,96,215,1,6,64
La Burrita,Los Corraleros De Majagual,cumbia,2012,127,63,86,-5,8,95,157,11,4,76
El Hijo Ausente,Pastor Lopez,cumbia,2012,107,73,76,-6,13,85,173,99,4,84
Loquito por Ti,Armando Hernandez,chicha,2012,107,76,79,-4,5,86,287,5,7,76
Ojitos Hechiceros,Rodolfo Aicardi,classic colombian pop,2012,107,69,79,-7,14,62,220,4,32,68
Cariñito,Rodolfo Aicardi,classic colombian pop,2012,106,57,68,-6,8,95,227,17,33,73
Tabaco y Ron,Rodolfo Aicardi,classic colombian pop,2012,103,77,76,-7,11,96,243,46,15,83
Golpe Con Golpe,Pastor Lopez,cumbia,2012,102,62,75,-7,6,97,214,41,4,67
Víspera de Año Nuevo,Guillermo Buitrago,classic colombian pop,2012,100,83,60,-6,8,98,150,1,21,76
Mistletoe,Justin Bieber,canadian pop,2011,162,56,66,-9,8,85,183,89,4,84
Holly Jolly Christmas,Michael Bublé,adult standards,2011,151,43,61,-9,9,74,122,16,10,77
Jingle Bells (feat. The Puppini Sisters),Michael Bublé,adult standards,2011,123,58,71,-6,14,83,162,32,5,87
It's Beginning to Look a Lot like Christmas,Michael Bublé,adult standards,2011,93,22,33,-11,34,36,207,60,31,92
I'll Be Home for Christmas,Michael Bublé,adult standards,2011,82,11,25,-14,16,15,268,34,9,72
Las Caleñas,Pastor Lopez Y Su Combo,cumbia,2010,204,74,55,-7,8,94,212,44,26,77
Wherever you are,ONE OK ROCK,j-pop,2010,174,69,38,-5,34,29,296,9,10,87
Happy Xmas (War Is Over) - Remastered,John Lennon,album rock,2010,147,61,33,-11,77,40,214,19,37,92
Christmas Lights,Coldplay,permanent wave,2010,131,42,31,-9,8,24,242,13,25,80
En Barranquilla Me Quedo,Joe Arroyo,cumbia,2009,104,79,62,-6,9,75,312,90,4,87
HANABI,Mr.Children,j-pop,2008,112,77,64,-6,12,60,343,29,28,65
"Navidad, Navidad",Luis Miguel,bolero,2006,173,84,52,-4,16,75,155,56,3,68
Santa Claus Llegó a La Ciudad,Luis Miguel,bolero,2006,170,85,52,-2,33,72,116,73,3,67
Las Cuatro Fiestas,Diomedes Diaz,cumbia,2006,131,92,51,-5,15,97,275,14,8,87
Sorbito De Champagne - Digitally Remastered Original,Pastor Lopez,cumbia,2006,112,79,79,-4,4,70,211,3,13,87
Do You Hear What I Hear? - Remastered 2006,Bing Crosby,adult standards,2006,102,25,57,-15,20,41,166,9,11,85
The Best Side Of Life,Sarah Connor,german pop,2006,91,63,63,-5,12,55,229,0,6,96
Blanca Navidad,Luis Miguel,bolero,2006,90,40,36,-11,7,18,212,6,13,89
Olvídala,Los Palmeras,argentine rock,2004,132,69,77,-5,27,52,290,45,4,68
Do They Know It's Christmas? - 1984 Version,Band Aid,NA,2004,115,64,60,-7,10,35,223,60,6,82
Santa Baby (with Henri René & His Orchestra),Eartha Kitt,adult standards,2002,84,14,70,-12,19,49,206,45,41,68
Wonderful Dream (Holidays Are Coming) - Radio Version,Melanie Thornton,NA,2001,150,68,58,-5,26,52,232,36,20,81
Feliz Navidad,José Feliciano,latin pop,2001,149,86,49,-7,35,96,182,12,19,86
El Jornalero (El Hijo de Tuta),Lisandro Meza,cumbia,2001,95,72,85,-5,16,96,244,29,14,76
Dan...,Sheila On 7,indonesian pop,1999,125,54,66,-12,11,54,289,0,5,77
It's Beginning to Look a Lot Like Christmas (with Mitchell Ayres & His Orchestra),Perry Como,adult standards,1999,113,28,73,-12,12,72,156,7,34,94
La Noche,Joe Arroyo,cumbia,1999,106,68,73,-5,6,83,264,6,7,77
8 Days of Christmas,Destiny's Child,dance pop,1999,100,84,69,-1,6,64,210,33,38,96
Happy Xmas (War Is Over),Céline Dion,canadian pop,1998,172,60,34,-5,28,16,255,7,12,83
Ocho Cuarenta,Rodrigo,argentine rock,1998,148,70,61,-10,30,85,355,65,6,81
A Holly Jolly Christmas - Single Version,Burl Ives,adult standards,1998,140,37,67,-13,10,86,133,13,23,90
Petit Papa Noël,Tino Rossi,chanson,1998,105,31,33,-9,6,42,196,74,4,85
Merry Christmas Everyone,Shakin' Stevens,new wave pop,1997,102,71,76,-10,8,96,224,51,3,54
All I Want for Christmas Is You,Mariah Carey,dance pop,1994,150,63,34,-7,7,35,241,52,4,77
Let It Snow! Let It Snow! Let It Snow! (with The B. Swanson Quartet),Frank Sinatra,adult standards,1994,142,26,65,-13,36,84,155,22,4,90
Christmas (Baby Please Come Home),Mariah Carey,dance pop,1994,127,78,57,-7,11,70,153,88,3,72
Jingle Bell Rock,Bobby Helms,adult standards,1992,120,42,75,-8,7,81,131,31,30,83
Carol of the Bells,Mykola Dmytrovych Leontovych,post-romantic era,1990,47,11,42,-23,18,80,85,27,7,74
Fairytale of New York (feat. Kirsty MacColl),The Pogues,celtic punk,1988,119,65,32,-6,24,47,272,59,3,72
Driving Home for Christmas - 2019 Remaster,Chris Rea,album rock,1987,180,58,51,-11,18,87,242,32,6,81
In der Weihnachtsbäckerei,Rolf Zuckowski,german pop,1987,146,45,82,-9,20,92,173,15,56,73
Run Rudolph Run - Single Version,Chuck Berry,blues rock,1986,152,72,68,-11,8,96,166,21,6,84
Last Christmas,Wham!,new wave pop,1984,108,48,74,-12,36,95,263,30,6,80
Thank God It's Christmas - Non-Album Single,Queen,glam rock,1984,83,42,30,-9,23,34,262,16,4,98
2000 Miles - 2007 Remaster,Pretenders,album rock,1984,66,71,22,-9,10,45,220,37,3,68
Jingle Bell Rock - Daryl's Version,Daryl Hall & John Oates,album rock,1983,129,84,67,-4,11,84,126,45,4,70
"Santa Claus Is Comin' to Town - Live at C.W. Post College, Greenvale, NY - December 1975",Bruce Springsteen,heartland rock,1981,140,67,36,-8,73,41,268,28,6,80
Wonderful Christmastime - Edited Version / Remastered 2011,Paul McCartney,album rock,1980,95,51,77,-9,7,77,228,14,9,45
Step Into Christmas,Elton John,glam rock,1973,140,93,53,-6,31,82,272,48,7,79
Los sabanales,Calixto Ochoa,cumbia,1971,124,70,80,-6,3,78,162,2,5,87
This Christmas,Donny Hathaway,chicago soul,1971,93,65,63,-9,25,68,231,60,5,75
Santa Claus Is Coming To Town,The Jackson 5,adult standards,1970,147,76,69,-5,18,96,144,67,5,54
I Saw Mommy Kissing Santa Claus,The Jackson 5,adult standards,1970,129,71,58,-8,82,61,181,2,7,92
Winter Wonderland,Tony Bennett,adult standards,1968,115,37,45,-14,8,63,134,32,34,76
What Christmas Means To Me,Stevie Wonder,adult standards,1967,167,54,48,-10,8,82,147,59,3,83
O Tannenbaum,Vince Guaraldi Trio,adult standards,1965,123,19,58,-16,13,34,309,37,3,78
Christmas Time Is Here - Vocal,Vince Guaraldi Trio,adult standards,1965,75,14,39,-20,10,9,166,1,4,77
Little Saint Nick - 1991 Remix,The Beach Boys,baroque pop,1964,131,55,60,-9,5,97,119,62,6,73
Rockin' Around The Christmas Tree,Brenda Lee,adult standards,1964,67,47,59,-9,51,90,126,72,10,80
It's the Most Wonderful Time of the Year,Andy Williams,adult standards,1963,202,60,24,-8,12,78,152,16,21,68
Joy To The World,Nat King Cole,adult standards,1962,102,34,55,-10,11,66,85,59,33,92
The Christmas Song (Merry Christmas To You),Nat King Cole,adult standards,1962,79,21,32,-15,14,21,192,5,19,67
Rudolph The Red-Nosed Reindeer,Dean Martin,adult standards,1959,136,20,48,-17,9,86,136,61,13,82
Let It Snow! Let It Snow! Let It Snow!,Dean Martin,adult standards,1959,134,24,45,-14,18,70,117,0,4,78
Mistletoe And Holly - Remastered 1999,Frank Sinatra,adult standards,1957,110,10,61,-14,8,34,136,27,16,79
Blue Christmas,Elvis Presley,adult standards,1957,95,27,47,-17,14,58,129,37,16,83
Mele Kalikimaka (Merry Christmas),Bing Crosby,adult standards,1945,202,22,50,-12,28,62,175,12,7,77
White Christmas,Bing Crosby,adult standards,1942,131,16,32,-16,34,25,177,15,3,93
